foot_traffic,avg_income,competitor_count,rent_cost,population_density,parking_score,visibility_score,hygiene_rating,marketing_score,vendor_category
699.0,81.0,3,138.4,68.9,2,2,4.1,81.7,0
572.0,73.9,6,100.8,93.1,6,2,4.9,55.4,1
730.0,60.9,4,72.9,60.1,3,6,2.4,73.8,1
905.0,50.3,6,148.2,61.1,2,1,2.6,63.0,0
553.0,70.5,9,107.1,77.2,1,6,4.6,67.3,1
553.0,65.9,7,161.9,61.3,8,5,1.6,75.6,0
916.0,73.4,8,42.6,72.3,1,6,1.1,37.2,0
753.0,69.5,3,115.9,46.7,5,5,4.6,72.5,2
506.0,75.7,2,167.6,100.0,6,7,4.3,55.8,2
709.0,52.0,4,99.4,49.8,3,1,4.9,40.8,0
507.0,79.8,2,103.2,65.2,7,3,1.2,75.5,1
507.0,63.0,4,118.9,69.5,2,6,1.6,51.5,0
648.0,91.1,8,93.2,98.7,7,1,1.4,67.5,0
217.0,49.7,5,100.6,50.1,2,7,3.7,10.0,1
255.0,86.0,8,99.9,99.8,5,4,3.4,74.5,2
488.0,63.0,6,91.2,81.4,7,3,2.4,100.0,2
397.0,50.2,4,146.9,76.3,3,10,1.2,59.8,0
663.0,52.7,9,123.8,55.2,4,9,3.6,54.7,1
418.0,55.2,6,117.5,78.6,1,1,3.3,50.8,0
318.0,66.4,6,134.3,59.1,3,8,1.5,71.1,0
893.0,67.8,4,102.1,89.0,9,1,4.6,53.9,2
555.0,51.4,2,86.8,55.4,10,5,1.8,73.0,1
614.0,59.6,6,91.9,68.3,5,10,4.0,94.4,2
315.0,92.1,9,110.1,61.7,8,8,4.5,76.8,1
491.0,85.9,3,78.2,55.2,2,6,3.3,56.5,1
622.0,66.5,2,95.0,81.1,3,7,2.0,37.7,1
370.0,60.6,4,94.5,78.0,7,8,2.2,51.8,1
675.0,61.8,7,173.7,88.1,10,6,4.5,56.8,2
480.0,69.2,4,40.0,43.3,4,6,2.2,33.6,1
542.0,44.7,4,104.6,86.0,9,6,4.0,81.7,2
480.0,56.1,8,161.8,100.0,7,5,5.0,71.4,1
970.0,35.0,5,113.7,63.2,1,8,5.0,39.0,0
597.0,66.0,8,132.6,98.4,4,2,3.1,24.4,0
388.0,69.7,4,113.0,66.1,10,7,4.3,74.4,2
765.0,52.8,6,90.0,49.4,6,4,5.0,27.1,2
356.0,83.6,6,42.7,65.4,6,1,2.5,61.7,0
642.0,41.6,3,116.2,85.7,10,5,2.0,51.8,1
208.0,38.0,7,86.7,57.4,6,3,1.5,76.0,1
334.0,63.4,8,86.0,61.0,5,4,1.6,76.2,0
639.0,75.7,11,95.0,78.9,3,7,4.4,43.6,0
748.0,85.3,8,162.3,70.0,2,5,3.4,77.8,1
634.0,53.1,3,182.1,78.8,3,4,4.5,54.2,0
577.0,76.2,6,116.5,73.6,9,1,4.2,60.4,0
540.0,59.4,3,96.1,77.2,3,6,3.7,60.8,1
304.0,57.4,6,74.7,63.5,3,10,3.4,100.0,1
456.0,73.3,9,124.1,73.5,1,6,1.2,57.6,0
508.0,69.8,5,163.5,56.1,2,7,4.5,26.6,2
811.0,36.4,2,102.6,89.3,3,1,2.7,45.7,1
669.0,82.1,8,40.0,60.5,2,4,3.2,74.8,2
247.0,80.7,9,130.1,86.9,8,9,1.1,54.3,1
665.0,50.6,5,139.6,66.5,6,10,4.7,60.3,2
523.0,65.9,7,62.4,73.0,7,6,4.6,51.4,2
465.0,67.4,7,115.3,62.6,1,2,3.2,10.0,0
722.0,63.9,2,123.5,54.8,6,4,3.3,44.4,0
806.0,51.7,5,107.8,43.8,2,6,3.8,58.5,0
786.0,49.9,2,86.3,54.2,6,4,2.1,24.6,0
432.0,59.6,9,140.5,65.1,3,10,1.9,36.4,0
538.0,77.6,10,97.9,73.2,7,7,3.7,53.2,1
666.0,68.2,6,65.4,85.2,3,3,1.4,53.4,0
795.0,54.4,6,48.5,63.3,9,6,2.8,67.9,2
504.0,71.6,13,147.8,56.8,3,4,3.0,54.5,0
563.0,20.0,10,128.5,48.4,7,3,2.5,67.2,0
379.0,77.2,5,112.6,77.2,4,3,1.7,46.0,0
361.0,33.9,8,96.8,90.7,8,2,2.4,64.2,0
763.0,54.6,7,94.1,89.0,2,3,2.4,89.4,1
871.0,43.2,7,77.7,80.6,8,10,3.0,65.8,1
586.0,40.6,5,97.1,79.6,9,1,3.7,55.3,0
801.0,77.4,4,46.4,95.5,8,3,4.9,41.1,2
672.0,53.0,6,87.9,75.0,6,9,1.6,61.7,2
471.0,65.2,4,100.7,79.7,10,4,4.5,55.6,2
672.0,59.3,7,128.3,65.2,1,3,2.1,71.2,0
908.0,67.2,4,108.8,49.6,7,8,3.4,23.6,0
593.0,61.2,6,133.8,59.7,1,1,3.2,56.2,0
913.0,40.8,5,150.5,69.9,7,5,3.2,68.4,1
100.0,74.9,5,141.7,70.9,2,1,3.9,62.6,0
764.0,52.6,3,124.1,98.9,8,7,2.5,53.3,1
617.0,36.7,4,110.4,71.2,2,5,2.3,53.1,1
540.0,53.6,10,80.6,87.7,3,2,4.4,38.0,0
618.0,82.5,8,132.2,63.5,3,1,1.9,67.6,0
202.0,72.8,2,160.4,65.3,1,7,1.7,68.5,1
556.0,54.8,7,120.3,50.1,5,1,1.1,31.7,0
671.0,54.8,2,167.5,58.9,5,3,1.8,75.3,1
896.0,55.2,6,64.2,77.9,10,6,3.1,46.9,2
496.0,91.2,6,75.4,70.1,5,6,3.2,52.5,1
438.0,65.7,3,135.7,84.1,9,7,2.0,97.1,2
500.0,66.5,3,117.9,72.7,6,1,1.3,92.0,0
783.0,75.5,11,149.4,64.7,6,7,4.0,31.1,1
666.0,63.6,7,109.5,100.0,3,2,4.0,34.4,0
494.0,56.1,8,84.0,68.6,5,6,5.0,39.0,1
703.0,57.1,7,103.6,87.4,10,8,4.6,91.7,2
619.0,58.9,3,64.0,64.0,7,5,4.7,47.9,2
794.0,59.4,4,76.1,80.6,3,10,4.2,30.5,2
460.0,70.9,4,139.2,83.9,2,3,3.5,84.6,0
534.0,60.8,6,136.2,73.1,5,8,1.5,71.9,0
522.0,71.0,5,120.9,34.7,3,8,3.5,100.0,2
307.0,58.8,11,58.4,70.3,5,4,1.2,71.8,0
659.0,61.2,10,99.2,88.5,9,8,4.5,59.4,2
652.0,30.0,5,73.3,77.9,10,5,2.9,65.1,1
601.0,73.7,1,145.3,76.7,1,5,3.8,50.9,0
553.0,65.2,5,92.5,44.2,4,3,1.2,86.1,0
317.0,75.0,4,77.4,59.2,10,7,3.1,87.2,1
516.0,20.0,4,110.9,76.2,5,9,2.2,28.3,2
531.0,91.3,7,90.8,76.2,2,9,2.1,78.9,1
440.0,57.9,9,154.5,88.2,2,1,2.6,38.6,0
568.0,76.6,4,88.0,67.8,1,1,1.0,100.0,0
681.0,44.4,6,68.0,76.1,8,10,2.9,90.3,2
977.0,69.2,6,45.4,70.2,2,5,2.9,37.2,1
635.0,44.2,5,109.1,55.2,3,1,4.5,64.8,0
652.0,50.6,8,93.1,36.2,2,4,2.8,79.9,1
585.0,88.7,6,67.1,76.5,4,1,2.5,47.5,0
216.0,57.1,4,145.7,72.6,1,2,5.0,32.7,0
595.0,63.3,7,130.0,60.7,3,2,3.3,62.0,0
612.0,73.1,5,109.2,45.7,5,4,2.9,56.8,0
1093.0,67.4,2,150.9,79.4,10,8,3.0,41.7,2
562.0,62.3,2,129.9,66.0,1,2,4.2,84.7,1
660.0,65.5,10,85.3,78.4,4,9,2.4,34.2,0
593.0,96.1,10,78.8,98.0,6,9,2.6,57.8,2
366.0,59.1,7,134.5,37.9,4,2,4.0,63.6,1
829.0,63.0,6,121.9,59.5,7,1,1.3,66.2,0
750.0,75.8,6,115.1,66.9,7,10,4.5,82.6,2
758.0,76.6,6,84.6,91.8,6,10,2.7,55.2,2
418.0,77.8,8,128.2,45.5,9,9,3.3,10.0,1
881.0,69.6,4,87.3,99.0,2,2,4.0,52.3,2
320.0,42.9,3,106.9,72.0,10,8,2.1,74.5,2
717.0,84.5,6,153.4,68.6,8,3,4.6,57.1,2
1038.0,42.8,7,90.2,67.0,8,1,4.9,57.3,2
402.0,64.5,7,62.8,63.5,10,1,3.0,70.5,0
487.0,48.7,2,78.4,85.7,4,10,4.7,73.2,2
620.0,59.0,6,139.8,54.0,6,2,1.0,24.3,0
499.0,64.9,8,117.6,75.2,6,7,4.6,59.6,1
290.0,64.8,11,106.1,64.2,5,6,2.2,56.1,1
614.0,66.3,8,94.7,58.6,1,2,2.2,61.5,0
388.0,84.2,9,124.6,100.0,3,4,1.9,20.6,0
695.0,66.8,5,84.5,76.3,7,2,2.3,86.5,0
416.0,56.3,4,119.2,79.2,8,1,1.9,60.1,0
910.0,74.5,10,88.1,87.1,2,3,4.6,68.5,0
443.0,77.8,5,83.1,48.7,3,4,4.6,95.3,1
536.0,41.6,2,90.9,96.3,4,10,1.4,68.7,2
763.0,69.0,9,98.7,32.4,5,5,1.6,29.2,0
354.0,70.5,8,108.5,58.5,3,5,4.4,58.3,0
645.0,55.5,6,117.1,63.1,5,7,2.6,73.5,1
861.0,80.6,3,40.0,78.7,8,10,1.7,61.1,2
279.0,57.7,3,85.8,73.3,8,8,3.0,94.1,2
637.0,61.9,8,98.3,67.5,2,9,2.7,42.9,2
652.0,57.4,4,155.2,69.8,6,7,1.9,84.9,1
756.0,60.2,3,77.6,55.3,4,5,3.9,76.8,2
353.0,43.6,4,114.9,47.5,9,9,3.5,61.8,1
336.0,38.4,6,154.9,80.9,10,8,1.4,66.6,1
704.0,83.9,5,70.6,80.4,2,10,4.7,40.4,2
659.0,47.3,7,121.8,93.8,8,9,3.2,53.9,2
650.0,45.1,10,85.9,58.1,1,10,2.0,71.5,1
669.0,27.7,8,94.9,80.4,6,8,1.8,57.0,1
464.0,50.4,7,85.9,65.7,10,6,1.5,61.2,1
646.0,40.2,5,88.0,87.9,1,4,2.7,79.8,1
659.0,84.6,5,191.7,85.3,2,9,1.5,21.9,1
457.0,75.1,6,135.3,73.2,3,9,2.7,67.4,0
973.0,49.7,6,143.1,64.9,9,10,1.6,95.5,2
695.0,93.8,3,124.8,84.4,5,10,3.6,52.5,2
362.0,74.7,7,61.8,79.7,10,9,4.1,35.1,2
731.0,55.1,4,121.8,59.7,10,10,3.2,52.2,2
405.0,22.5,7,142.2,50.1,2,3,3.7,29.7,0
757.0,94.4,6,84.4,65.7,10,3,4.8,64.5,2
832.0,39.2,7,139.0,92.7,5,6,3.6,58.5,2
436.0,35.3,4,131.1,87.2,5,6,2.5,66.4,1
793.0,75.3,3,165.6,53.3,1,6,2.8,57.4,1
683.0,96.6,4,97.5,52.5,3,5,4.4,63.9,1
764.0,80.8,6,77.1,89.1,5,5,1.5,69.0,1
979.0,68.5,5,99.2,53.0,9,2,2.3,36.0,1
551.0,68.9,5,153.1,77.6,10,7,3.3,66.9,2
449.0,72.8,12,55.1,60.8,1,4,3.7,89.0,1
422.0,71.4,6,47.9,94.3,8,3,4.1,40.8,1
437.0,64.2,4,112.7,58.4,1,8,2.3,66.2,1
585.0,61.6,6,96.7,87.2,9,4,1.6,85.9,0
668.0,59.1,6,110.2,72.8,6,4,4.8,36.9,2
655.0,48.7,9,138.4,73.8,1,8,1.3,76.0,1
765.0,55.8,9,93.4,40.4,8,1,1.4,55.6,0
603.0,34.6,5,53.8,37.0,5,9,3.0,80.2,2
891.0,58.5,7,171.3,66.7,7,7,4.3,43.5,0
547.0,45.2,10,80.1,73.7,7,2,4.1,59.8,0
1144.0,43.4,2,78.2,53.1,7,6,4.8,29.6,2
725.0,62.7,5,143.1,53.7,6,8,1.6,68.7,1
429.0,80.9,5,98.5,78.4,8,5,2.5,69.0,2
386.0,73.8,5,108.1,78.4,9,6,2.1,70.8,1
696.0,36.4,7,124.5,67.9,2,10,4.4,69.8,1
555.0,45.2,4,142.5,81.7,7,8,3.0,58.2,2
743.0,74.1,7,100.0,52.4,2,6,1.1,30.4,0
695.0,45.3,4,155.6,64.7,6,9,3.8,79.8,2
585.0,56.6,8,45.9,94.7,2,9,2.6,59.2,1
431.0,68.3,5,132.8,71.0,10,9,3.1,67.9,2
297.0,45.5,7,84.8,71.9,6,6,4.6,56.3,1
511.0,61.6,5,151.2,100.0,2,9,2.0,99.2,0
771.0,40.0,8,114.3,49.0,1,3,2.0,48.6,0
643.0,51.0,5,89.8,81.9,7,5,2.1,47.9,1
351.0,64.8,3,129.9,95.0,3,2,2.4,28.8,1
635.0,36.1,8,136.8,65.1,4,8,1.4,62.3,0
677.0,66.6,12,129.3,82.9,6,4,3.8,97.2,1
423.0,59.7,10,79.1,55.3,5,6,1.8,62.5,2
631.0,68.3,3,95.5,59.7,4,6,4.7,64.5,2
612.0,63.4,3,109.9,75.8,9,5,1.9,79.5,1
371.0,80.5,9,108.8,82.0,6,1,2.0,63.2,0
672.0,61.9,7,132.5,86.8,6,7,2.2,84.0,0
712.0,53.6,4,49.6,93.5,2,10,4.1,87.0,2
817.0,61.8,5,120.0,69.0,6,8,2.7,48.1,1
811.0,68.1,3,101.3,87.9,7,1,4.3,31.4,2
324.0,60.7,4,84.8,64.9,8,10,4.1,73.8,2
412.0,60.6,5,87.7,83.5,8,7,4.7,66.5,2
703.0,49.5,4,103.6,73.1,9,4,4.0,39.1,2
703.0,50.1,4,40.0,76.7,10,6,1.2,46.4,2
703.0,39.0,8,89.0,76.4,3,9,4.3,46.4,1
1200.0,86.2,7,83.7,45.9,10,5,4.8,62.9,2
714.0,41.3,4,126.0,53.1,7,8,5.0,79.9,2
827.0,49.6,5,85.8,71.5,7,5,1.5,81.1,2
791.0,49.2,6,103.5,44.7,1,2,3.5,75.8,0
730.0,73.4,4,156.3,82.5,8,4,1.8,54.2,1
537.0,55.6,3,139.8,83.1,4,2,2.1,100.0,0
752.0,78.7,7,137.1,74.9,5,7,4.0,60.7,2
445.0,49.9,9,95.0,53.2,6,7,4.9,52.2,1
553.0,64.2,9,126.3,90.7,3,3,3.4,32.7,0
503.0,47.5,7,103.0,100.0,5,7,4.4,53.0,1
616.0,92.2,7,104.1,72.2,10,1,1.0,68.8,1
1063.0,42.2,7,122.3,77.7,5,1,1.1,28.3,0
227.0,64.6,9,92.1,73.0,1,9,3.4,40.9,2
737.0,69.5,6,154.8,78.0,3,6,2.6,50.7,2
277.0,66.2,3,105.2,68.2,3,5,4.6,44.5,1
506.0,57.2,7,128.6,69.5,1,6,2.2,42.8,0
818.0,58.1,2,153.7,83.6,7,6,2.7,82.5,2
613.0,60.7,3,140.9,100.0,1,1,3.1,27.0,0
384.0,57.8,5,67.7,49.0,7,5,2.1,63.5,1
457.0,74.5,5,123.3,68.4,4,9,4.6,70.4,2
736.0,93.2,6,135.5,52.3,9,4,2.9,50.3,2
454.0,51.6,8,136.8,93.9,7,3,2.7,55.5,1
643.0,39.5,5,76.6,61.2,5,1,4.4,59.2,0
609.0,58.7,6,90.3,48.4,7,2,2.2,72.7,0
470.0,98.7,7,139.8,79.6,9,3,4.3,90.6,1
1029.0,47.9,0,87.1,96.2,10,4,1.5,34.3,2
727.0,84.6,3,101.0,80.0,6,7,1.7,41.7,2
195.0,85.2,7,157.3,73.1,1,6,4.8,42.7,0
637.0,51.7,4,108.6,76.1,6,8,4.4,59.7,1
468.0,68.5,7,88.2,91.2,1,9,2.6,52.0,1
770.0,84.4,7,83.7,56.9,4,6,3.6,73.3,1
441.0,54.3,10,120.0,68.3,8,7,4.8,46.9,2
577.0,56.9,3,70.0,63.2,5,4,1.8,42.2,1
701.0,51.3,4,102.6,52.5,5,2,1.2,44.7,0
773.0,44.8,4,120.0,65.1,10,9,3.1,62.3,2
360.0,50.3,6,149.0,86.6,8,9,1.6,79.3,2
533.0,41.6,9,130.0,78.5,8,4,1.7,59.1,1
505.0,60.5,7,88.6,79.7,1,3,4.6,48.8,0
469.0,48.5,5,145.4,72.2,5,10,1.0,39.4,0
953.0,63.5,6,101.0,77.8,5,6,4.3,89.2,2
681.0,36.7,5,72.9,58.0,8,3,3.1,24.8,0
348.0,65.0,6,104.8,65.4,1,1,3.2,56.3,0
784.0,72.5,6,153.1,72.9,7,4,3.7,74.8,2
1024.0,30.1,9,115.0,74.2,7,1,2.7,56.0,0
806.0,65.6,4,110.4,74.8,9,2,1.5,48.7,2
296.0,78.4,7,159.1,67.9,2,3,1.4,70.7,0
503.0,41.9,5,67.1,64.3,3,8,4.0,38.1,2
853.0,85.1,5,71.4,100.0,4,10,1.9,25.2,2
458.0,66.3,7,61.5,83.6,1,4,1.1,67.1,0
689.0,49.4,6,121.2,76.2,7,4,4.9,40.1,1
755.0,59.2,8,115.0,66.5,10,10,4.9,62.6,2
415.0,68.4,5,156.3,63.2,3,9,2.5,57.5,0
588.0,61.1,6,117.3,68.0,3,7,1.1,65.2,0
100.0,68.1,6,97.9,74.4,3,2,3.9,55.5,0
395.0,46.2,10,110.1,41.8,8,3,4.3,71.0,0
549.0,62.5,5,113.5,46.5,9,4,1.5,45.9,2
350.0,38.8,4,59.8,60.4,10,4,1.5,75.6,1
926.0,58.3,3,191.3,73.1,2,10,4.3,35.6,1
314.0,46.4,6,125.6,66.4,10,8,4.7,83.5,2
512.0,49.0,3,116.3,92.2,10,10,4.2,100.0,2
626.0,78.5,4,128.5,47.8,1,10,1.8,62.2,1
888.0,76.4,4,131.3,58.7,9,6,2.6,91.4,2
313.0,69.1,5,105.8,92.8,6,3,3.4,96.6,1
833.0,43.6,7,91.1,72.0,9,9,1.6,53.6,1
602.0,55.3,3,128.0,83.3,6,10,1.8,61.0,2
404.0,78.2,5,121.6,100.0,2,8,2.1,43.7,1
692.0,62.1,5,85.7,59.6,1,9,3.0,45.0,0
640.0,94.8,4,152.6,68.5,8,5,3.0,64.7,1
480.0,65.9,7,118.8,65.9,3,3,4.3,27.3,1
614.0,62.9,9,131.9,40.7,1,4,4.0,76.7,0
523.0,55.4,8,151.8,65.3,8,5,4.7,63.3,1
623.0,62.0,7,110.7,83.2,1,9,4.3,73.6,1
732.0,57.7,8,119.5,78.1,8,9,2.0,56.4,2
917.0,70.6,7,134.3,79.3,1,3,2.3,73.5,1
352.0,74.4,5,88.3,64.4,9,7,3.0,65.0,1
1027.0,48.2,10,111.6,60.2,9,6,1.1,70.1,1
210.0,40.0,5,113.8,89.0,9,4,4.6,78.0,2
570.0,32.5,4,81.3,62.5,3,5,1.2,34.7,0
718.0,67.6,5,179.5,74.4,4,10,2.3,45.9,1
656.0,43.4,4,67.8,72.5,5,2,3.3,100.0,1
475.0,27.7,10,71.1,91.9,6,7,3.1,64.1,0
558.0,65.8,5,149.4,84.6,9,4,3.6,25.7,1
501.0,97.4,3,131.4,50.6,4,2,3.1,25.8,0
482.0,59.9,5,79.2,52.2,6,6,1.9,58.5,2
770.0,72.6,5,128.2,78.7,1,2,1.8,49.5,0
671.0,61.2,10,154.0,69.0,2,10,4.6,43.9,0
461.0,58.5,4,109.1,63.2,8,2,2.1,95.9,1
780.0,73.8,8,188.0,85.2,4,7,2.1,52.6,1
661.0,55.6,10,58.3,72.8,10,1,2.7,76.4,0
763.0,64.0,8,130.8,70.8,7,7,1.6,65.0,1
726.0,64.8,9,145.0,81.7,4,10,3.0,54.1,1
434.0,50.0,5,136.7,64.4,9,5,3.7,37.2,1
488.0,74.9,8,103.9,93.5,9,1,4.1,75.4,1
749.0,57.4,8,101.3,58.2,4,6,3.8,13.1,1
722.0,48.7,11,123.3,79.9,8,7,1.6,77.4,2
596.0,68.0,6,134.5,91.5,6,1,2.8,63.0,0
623.0,46.5,7,128.1,49.3,1,9,1.2,72.4,0
856.0,60.4,10,141.2,64.8,7,7,1.1,60.2,1
482.0,59.9,6,79.4,87.1,1,1,2.8,35.3,0
709.0,76.3,8,103.2,87.4,3,3,2.0,68.0,0
560.0,67.1,1,81.8,67.4,8,5,3.7,77.0,1
556.0,59.6,8,98.4,59.0,9,4,3.9,50.4,1
820.0,72.3,4,140.5,84.3,3,2,4.6,73.1,1
765.0,80.9,8,113.2,87.8,1,1,4.0,65.9,1
763.0,68.4,9,188.2,52.5,1,4,1.2,69.0,0
861.0,60.2,3,115.8,51.9,7,7,2.5,42.8,1
604.0,40.3,0,111.8,73.4,5,4,2.1,85.6,1
736.0,44.0,5,113.2,79.4,1,9,2.5,65.9,2
538.0,55.4,6,90.9,65.5,6,8,1.6,76.6,2
665.0,50.9,3,108.3,80.2,6,8,1.4,52.2,2
574.0,57.2,3,143.8,59.3,4,5,3.1,79.6,1
619.0,60.8,4,113.4,38.3,7,1,3.9,51.6,0
719.0,67.9,5,86.2,63.6,7,9,3.8,42.2,2
436.0,58.9,9,82.2,70.9,9,2,2.8,95.4,1
1018.0,67.3,2,96.5,65.9,1,6,3.1,12.5,1
399.0,61.0,5,112.2,52.6,5,10,3.1,100.0,2
357.0,30.4,3,145.8,42.8,10,5,3.8,74.0,0
832.0,45.9,7,69.8,62.3,3,10,1.2,53.7,0
758.0,57.8,3,100.4,83.5,7,8,3.8,66.5,1
725.0,41.9,5,114.3,88.8,4,3,3.3,74.0,0
726.0,69.0,4,55.0,87.8,4,6,1.8,53.4,2
598.0,83.0,6,85.0,57.8,1,6,1.2,100.0,0
421.0,78.3,8,89.6,52.7,1,10,1.4,89.5,0
615.0,56.8,5,86.1,77.4,10,3,3.1,100.0,1
465.0,82.4,7,115.8,79.5,2,7,4.0,35.6,2
795.0,62.2,4,105.2,76.0,2,4,2.3,64.3,2
571.0,54.9,5,93.3,39.8,1,5,2.5,32.3,0
435.0,50.8,6,122.8,57.0,8,9,4.7,38.2,2
536.0,55.5,8,161.7,69.6,6,6,1.9,53.5,2
683.0,54.2,5,159.2,77.3,6,10,1.4,53.8,0
487.0,62.6,5,52.3,81.5,10,4,2.4,67.4,1
436.0,62.4,7,127.3,72.2,10,8,4.0,57.8,2
649.0,60.0,5,104.7,75.0,9,9,3.5,76.0,2
649.0,66.6,4,114.7,71.3,5,10,2.7,66.4,2
499.0,77.9,4,98.1,80.3,4,5,4.9,93.0,2
506.0,74.2,3,113.5,74.7,6,2,3.9,76.6,2
646.0,37.7,6,114.5,71.0,8,6,1.2,36.4,0
310.0,21.7,8,92.6,66.0,1,8,4.0,57.1,0
319.0,74.0,7,83.1,71.2,7,5,1.1,58.4,1
456.0,39.5,8,96.5,77.3,8,1,3.6,68.8,0
557.0,56.6,10,117.0,74.0,9,8,1.8,81.5,1
662.0,42.4,7,128.0,75.7,8,9,3.8,65.7,2
895.0,33.0,8,135.6,90.1,7,1,2.2,71.6,0
772.0,68.1,10,95.2,74.0,3,8,4.5,37.3,2
568.0,71.4,4,118.5,60.3,2,10,2.3,50.8,2
596.0,51.4,0,138.9,83.3,3,2,3.5,21.8,1
399.0,21.1,6,145.0,49.5,4,4,2.1,68.8,0
596.0,51.8,8,108.2,53.8,4,2,4.7,76.8,1
542.0,65.9,8,103.4,75.0,6,2,4.1,33.6,2
665.0,37.8,6,115.7,77.7,7,10,2.0,63.2,2
435.0,62.8,5,75.5,51.3,4,3,4.8,58.0,1
704.0,59.8,10,104.2,64.3,10,8,2.4,93.8,1
907.0,68.7,6,132.3,60.9,6,4,3.6,42.1,1
578.0,61.8,11,129.3,62.7,9,7,4.0,78.4,2
680.0,45.4,6,101.9,84.2,6,10,1.1,82.9,2
738.0,77.9,9,116.5,80.6,3,3,4.8,56.1,0
520.0,57.6,5,85.3,69.7,1,10,2.4,65.8,2
645.0,59.6,7,131.1,61.8,10,3,1.8,81.5,1
603.0,46.0,3,107.7,49.8,10,2,4.4,38.0,0
620.0,53.4,5,101.7,91.3,5,6,3.8,51.5,1
445.0,46.7,3,99.1,78.9,10,6,1.3,63.7,2
605.0,57.4,3,108.1,59.4,10,1,1.5,100.0,0
700.0,85.7,4,96.6,80.8,3,7,3.9,52.0,2
890.0,39.4,5,129.7,68.9,8,4,1.3,54.6,0
792.0,35.8,9,98.1,65.7,10,3,4.7,90.9,2
1031.0,82.1,5,157.8,76.5,1,8,4.0,73.3,2
447.0,56.9,9,154.0,58.9,2,2,2.3,100.0,0
774.0,50.0,4,83.3,64.8,3,9,2.5,81.9,2
637.0,75.6,11,112.1,71.8,3,8,3.0,57.1,1
1038.0,50.9,6,90.5,62.5,8,8,2.4,54.2,2
438.0,87.4,4,100.2,80.0,5,3,4.1,43.5,0
432.0,70.2,5,170.1,98.0,8,4,4.9,33.9,1
480.0,52.7,4,100.8,58.7,6,2,3.3,66.8,1
175.0,92.4,4,120.8,45.0,2,2,2.8,72.5,0
495.0,50.9,11,126.2,40.0,4,4,1.9,74.9,0
448.0,71.1,7,80.0,67.7,9,6,3.6,57.5,1
630.0,64.5,9,84.3,60.1,4,5,3.7,98.6,1
668.0,79.5,7,73.8,73.1,5,1,3.7,32.8,1
975.0,83.4,4,83.4,72.0,5,10,1.1,30.6,1
790.0,60.5,4,40.0,46.0,10,1,4.6,43.6,2
485.0,48.7,8,126.3,42.8,8,6,2.4,60.1,0
420.0,66.9,3,171.6,74.4,6,3,4.0,38.1,1
698.0,49.8,11,114.4,72.0,10,3,4.0,86.9,0
336.0,90.2,5,67.5,63.6,7,7,3.6,45.2,1
966.0,62.0,6,90.7,45.1,6,1,2.6,41.6,1
836.0,54.5,7,96.2,77.1,5,1,3.4,81.1,1
506.0,62.8,5,79.5,89.1,5,10,1.2,64.1,2
257.0,39.8,9,135.8,74.2,3,3,4.0,75.7,0
871.0,45.4,4,134.3,57.3,7,8,1.4,59.0,1
577.0,78.0,2,75.3,70.7,10,1,2.6,65.4,0
848.0,50.1,5,131.8,49.5,5,10,1.4,31.3,1
281.0,44.3,12,155.8,85.9,7,4,4.3,57.0,0
480.0,68.0,6,167.1,71.2,2,9,3.2,39.0,1
601.0,77.8,4,196.0,43.5,9,4,3.8,99.1,1
609.0,70.8,5,82.9,65.5,8,10,3.7,85.9,2
510.0,74.9,6,194.7,76.9,5,8,4.4,46.9,1
725.0,48.6,6,99.4,65.0,2,7,1.5,55.8,0
386.0,38.7,8,92.2,65.9,6,3,3.6,56.8,0
572.0,82.5,8,119.8,51.6,8,7,3.3,100.0,2
624.0,55.2,7,92.5,78.5,7,7,1.1,67.9,1
703.0,56.2,8,122.0,60.3,8,10,1.8,51.4,2
742.0,79.9,1,70.4,37.7,4,3,2.1,62.9,1
375.0,68.3,10,102.8,64.4,3,2,1.3,29.3,0
293.0,66.8,5,148.6,84.7,7,9,2.4,58.5,0
856.0,92.5,10,108.3,64.2,2,1,1.1,38.4,0
666.0,50.3,2,114.2,96.1,5,7,3.2,23.0,2
450.0,73.9,5,124.3,76.4,7,4,1.8,99.7,1
910.0,60.9,9,145.1,75.1,1,2,2.1,59.5,0
623.0,64.0,3,60.3,68.1,4,2,4.6,44.6,0
836.0,82.9,5,127.5,69.0,2,8,3.0,26.1,1
614.0,67.6,3,102.0,66.0,6,7,2.1,55.6,2
1012.0,68.1,5,115.0,65.5,1,7,3.4,57.0,1
951.0,76.1,5,141.8,78.0,7,5,1.8,75.3,2
550.0,54.5,6,74.2,56.0,3,10,1.3,40.9,0
794.0,47.4,8,79.6,53.9,1,8,1.1,49.3,0
729.0,44.3,3,51.9,53.2,8,2,4.8,41.5,1
874.0,30.5,9,93.5,100.0,7,2,3.9,55.6,1
407.0,90.8,8,149.9,78.0,2,5,4.2,20.1,0
737.0,43.5,6,106.4,74.6,7,1,4.9,43.9,1
812.0,56.7,5,69.8,54.1,3,6,4.7,72.6,1
248.0,55.8,7,95.4,79.4,9,4,3.9,35.5,0
363.0,64.6,8,65.4,68.3,8,6,3.8,80.0,2
192.0,72.2,5,76.2,73.2,5,7,2.3,77.5,0
546.0,72.9,4,121.7,55.4,7,3,1.4,79.1,1
744.0,51.3,8,74.8,72.4,3,8,3.3,59.9,0
900.0,57.5,2,143.4,63.6,1,7,3.3,58.1,1
615.0,64.2,7,107.9,58.5,1,1,4.8,66.4,1
926.0,56.3,8,112.6,81.0,2,6,2.8,86.4,0
324.0,84.1,9,101.6,46.9,8,7,3.8,84.6,1
259.0,67.4,7,133.2,78.5,1,4,3.3,26.8,0
589.0,71.0,6,133.5,80.3,5,2,1.7,42.5,1
677.0,69.9,5,120.1,56.8,9,10,3.4,38.9,2
593.0,77.6,6,126.9,57.7,9,9,3.2,74.5,2
187.0,62.7,6,103.6,66.7,2,7,3.0,46.4,1
582.0,40.5,8,126.3,74.2,7,1,3.1,55.9,0
339.0,66.0,5,99.9,67.7,1,8,1.7,94.2,0
734.0,50.2,6,110.1,76.5,3,3,2.9,82.4,0
673.0,52.1,2,101.8,96.4,6,4,3.4,87.5,1
412.0,68.8,3,96.3,62.4,9,5,3.0,45.7,1
497.0,78.6,6,89.3,44.3,10,1,3.0,10.0,0
388.0,60.3,7,124.0,82.4,2,6,1.3,52.1,1
587.0,64.6,6,149.3,95.2,7,10,1.8,31.2,1
791.0,85.5,9,145.1,75.9,4,6,2.3,21.1,0
403.0,63.6,5,72.3,53.7,2,2,2.7,82.6,0
701.0,99.0,6,148.7,68.1,3,10,3.4,42.2,2
494.0,68.5,6,100.5,53.2,6,6,4.5,43.9,1
441.0,33.6,8,128.0,79.6,10,8,1.6,52.7,0
579.0,71.3,6,82.8,49.7,9,6,1.1,92.9,0
393.0,65.7,8,114.3,65.5,8,4,2.8,56.8,2
489.0,79.3,3,119.4,54.9,10,4,2.7,79.0,2
360.0,70.1,5,65.5,71.9,9,9,3.2,53.7,2
993.0,57.9,6,128.2,64.5,4,6,4.3,28.4,2
607.0,41.6,5,150.4,72.7,4,8,4.2,36.2,1
460.0,56.9,12,104.8,70.3,9,8,1.4,59.9,1
643.0,47.2,10,150.8,55.2,8,7,4.7,62.2,2
578.0,51.3,6,104.3,79.4,2,3,1.4,70.9,0
556.0,68.8,4,135.5,69.3,8,10,3.5,70.9,2
723.0,85.0,7,43.4,55.2,1,1,3.7,78.0,0
752.0,65.9,5,182.6,100.0,9,5,3.7,44.6,2
494.0,42.1,9,154.9,77.1,9,10,2.1,96.5,2
485.0,66.7,5,101.5,67.7,8,10,2.3,98.4,2
545.0,77.9,8,50.8,91.2,5,2,3.2,49.6,0
140.0,50.9,4,118.6,97.6,5,10,1.8,44.1,2
297.0,58.0,7,66.7,67.8,3,2,1.1,24.3,0
873.0,60.2,11,123.3,75.2,5,7,3.2,63.4,1
929.0,48.2,3,122.3,55.2,4,3,2.9,69.0,2
550.0,69.7,6,81.8,67.8,1,8,3.6,48.4,0
715.0,58.2,6,143.6,67.0,9,9,1.6,65.7,2
662.0,66.3,4,134.2,72.8,10,8,4.4,32.2,2
1200.0,46.7,7,139.3,75.0,4,6,1.6,79.4,1
824.0,53.4,8,110.3,78.4,3,5,4.6,49.4,1
574.0,70.8,9,67.5,73.6,6,3,2.8,65.8,0
409.0,54.4,7,139.3,51.8,1,3,3.2,64.2,0
279.0,85.9,6,101.9,55.9,5,7,4.6,20.8,1
641.0,54.0,7,68.3,61.8,7,5,2.2,76.7,0
449.0,63.4,6,150.6,65.8,2,6,1.7,44.3,0
316.0,74.0,5,173.0,85.8,10,6,2.8,64.1,2
471.0,38.7,6,108.8,52.6,9,9,2.0,31.8,0
384.0,33.6,7,174.8,64.6,6,1,3.1,50.4,0
937.0,37.1,4,112.7,84.3,2,8,2.1,67.3,2
776.0,78.9,1,98.6,65.5,8,10,4.5,38.4,2
598.0,51.7,6,91.1,76.9,8,5,3.4,39.5,2
896.0,98.4,10,159.1,67.9,1,6,1.0,62.5,0
615.0,51.5,8,86.6,73.9,1,6,4.2,56.6,2
428.0,62.8,4,132.1,66.6,1,1,2.3,67.0,0
905.0,83.1,3,93.2,80.0,4,3,2.3,52.6,0
708.0,90.1,1,96.2,46.8,4,6,2.5,72.8,2
393.0,90.9,5,140.9,64.6,8,9,3.5,48.7,2
562.0,78.1,6,98.6,74.4,1,6,2.8,71.9,2
425.0,75.4,5,97.9,78.0,10,6,3.5,41.9,1
323.0,68.9,8,144.0,92.4,3,1,1.6,47.8,0
785.0,71.7,5,157.9,64.1,1,9,4.9,74.6,2
982.0,51.7,5,129.3,92.2,9,4,3.9,49.7,2
320.0,47.7,5,90.4,60.1,10,2,2.0,36.6,1
713.0,59.9,6,94.7,89.9,9,1,3.9,94.6,2
470.0,57.4,6,112.4,82.3,7,3,3.3,59.3,0
503.0,53.2,9,119.6,56.3,8,3,1.4,69.4,0
482.0,70.4,8,80.4,74.6,1,5,1.7,14.8,0
427.0,74.3,6,131.7,69.2,5,1,1.2,86.6,0
610.0,61.3,3,112.6,79.4,2,7,4.2,100.0,2
434.0,82.2,7,58.5,66.7,1,1,3.2,84.8,0
654.0,42.9,5,82.1,65.4,3,4,2.3,87.7,1
590.0,57.1,6,94.9,90.5,7,6,1.5,51.8,1
552.0,49.2,7,107.8,68.5,1,1,2.9,65.0,0
418.0,32.0,3,166.7,82.4,2,7,3.1,69.8,0
485.0,58.8,11,117.1,66.6,2,10,3.8,46.0,2
751.0,58.2,1,84.8,95.0,4,7,4.9,57.5,2
700.0,82.7,7,116.6,59.8,3,3,2.7,40.0,0
404.0,69.5,3,99.4,60.8,3,4,2.6,52.1,0
620.0,44.6,7,119.7,92.9,10,6,2.5,76.8,2
750.0,87.8,9,127.4,63.3,5,7,4.3,24.7,1
266.0,78.3,2,146.3,94.0,3,4,1.6,79.1,1
709.0,68.7,6,109.3,83.4,7,10,2.4,28.5,1
467.0,56.6,5,159.2,67.7,5,9,3.9,61.0,2
714.0,45.6,3,137.2,42.8,4,9,1.1,62.9,1
447.0,54.4,6,88.8,69.7,3,9,2.2,71.5,0
239.0,76.3,4,176.3,71.5,4,10,3.6,56.4,2
274.0,88.3,6,119.8,87.5,2,6,1.7,39.1,0
610.0,83.1,7,84.9,93.8,1,2,2.2,63.7,0
652.0,52.7,7,159.6,59.7,3,2,2.9,100.0,1
419.0,43.2,3,172.3,82.0,2,4,2.7,59.7,0
728.0,62.1,6,109.0,81.5,1,9,1.4,42.4,0
268.0,33.5,5,94.9,86.1,1,3,4.8,50.7,0
587.0,64.8,8,104.8,77.5,2,6,1.2,63.0,0
358.0,57.8,11,131.4,40.9,9,2,4.0,54.6,1
470.0,53.0,5,148.3,67.7,5,1,1.3,51.8,0
609.0,36.1,2,127.1,52.7,9,5,2.9,86.5,2
428.0,67.7,7,113.1,67.0,8,8,1.7,70.3,1
523.0,52.0,8,154.9,84.7,6,10,1.6,57.6,1
801.0,42.5,5,100.6,74.6,1,10,1.5,57.8,0
485.0,20.0,9,140.9,87.2,10,2,2.8,63.5,1
767.0,59.6,8,101.4,75.1,5,10,3.1,71.2,0
374.0,86.6,6,122.9,50.5,1,9,1.5,85.6,0
706.0,84.9,7,106.6,32.2,7,8,4.9,51.8,1
888.0,53.1,7,108.3,72.2,10,3,2.0,40.1,1
106.0,51.0,5,98.7,66.8,8,1,2.8,48.9,0
441.0,67.0,4,150.3,55.3,8,4,1.9,42.5,1
715.0,45.0,6,88.0,44.5,7,8,3.0,29.5,1
559.0,64.5,7,87.8,59.0,2,3,4.0,88.2,0
674.0,71.5,4,173.6,67.1,5,10,3.1,77.1,2
479.0,78.4,6,139.3,80.0,4,2,2.1,14.3,0
617.0,58.5,5,40.0,72.8,5,7,2.0,64.4,1
569.0,56.9,7,93.0,94.1,10,4,4.0,52.5,1
834.0,46.8,8,55.6,54.5,9,6,1.5,50.1,1
651.0,47.6,3,81.5,83.2,4,5,2.5,10.3,1
668.0,56.6,6,40.0,70.7,8,2,1.6,59.5,1
518.0,65.5,10,105.9,80.4,8,10,2.0,61.5,2
502.0,73.7,5,75.7,63.5,2,2,1.6,36.5,0
513.0,48.0,5,111.8,86.1,6,9,4.5,92.5,2
679.0,82.4,7,61.2,74.4,5,10,3.9,75.8,2
516.0,55.9,6,112.5,59.8,2,2,3.2,38.7,0
658.0,59.7,8,97.6,69.8,10,8,1.9,80.5,2
1015.0,48.8,3,155.1,66.4,4,8,3.0,50.7,2
774.0,23.6,5,152.3,77.3,7,1,3.1,81.1,0
535.0,73.3,9,133.6,52.3,1,1,3.4,31.1,0
840.0,71.1,6,100.2,69.6,9,4,1.2,63.4,0
518.0,55.8,11,169.6,75.9,10,2,4.9,35.7,0
192.0,61.0,5,63.4,70.5,1,1,2.9,43.3,0
398.0,67.7,7,67.9,90.2,5,9,4.7,21.4,2
226.0,36.6,5,107.5,81.6,7,3,1.0,35.3,0
530.0,52.1,4,177.6,69.9,8,1,2.0,35.2,0
604.0,71.9,1,103.9,73.3,2,2,1.4,32.7,0
935.0,41.2,10,104.5,74.4,4,8,4.1,63.8,2
665.0,64.4,7,66.7,76.0,2,5,2.3,24.7,0
556.0,39.7,2,138.4,42.6,4,7,4.4,66.0,0
766.0,67.0,6,138.6,65.5,6,6,4.3,80.1,2
158.0,59.5,6,133.7,47.7,6,1,3.7,42.2,0
647.0,35.8,7,91.1,89.2,2,6,3.7,58.3,1
754.0,77.5,4,88.8,69.1,4,7,3.8,53.3,2
304.0,49.0,6,71.2,67.1,4,4,3.7,51.8,0
829.0,47.8,4,112.5,83.5,1,8,2.5,10.0,1
668.0,63.0,5,77.6,76.3,2,8,3.7,37.5,2
517.0,77.2,5,74.7,53.1,3,7,4.6,89.2,1
727.0,44.8,8,97.3,68.9,5,2,2.3,66.5,0
1054.0,60.9,4,95.3,65.0,8,6,4.8,55.2,2
636.0,66.4,5,93.9,43.8,6,6,1.1,19.6,0
650.0,70.4,8,124.0,59.6,3,7,2.4,71.9,0
508.0,62.6,6,112.4,67.2,6,6,1.5,41.8,0
430.0,54.5,5,101.4,68.3,7,2,1.5,35.3,0
766.0,47.6,5,115.5,47.8,6,8,4.3,37.3,0
429.0,61.3,9,80.3,87.3,10,4,4.7,70.2,2
614.0,43.9,8,113.2,68.5,6,9,4.1,58.6,2
504.0,20.0,8,114.5,70.6,1,8,4.9,77.3,0
696.0,66.5,4,64.9,76.0,3,3,1.9,82.5,1
667.0,73.6,9,139.9,58.2,7,3,1.6,45.2,0
808.0,24.6,4,83.6,76.8,4,8,3.1,59.1,2
498.0,44.9,7,112.7,64.5,4,2,4.3,53.9,0
546.0,69.3,4,144.9,56.6,7,9,1.2,32.8,2
404.0,90.9,4,137.8,78.6,9,4,5.0,35.6,2
511.0,60.3,10,111.0,92.4,2,6,3.4,56.7,1
675.0,49.1,8,99.1,80.9,9,3,4.9,58.9,2
751.0,57.3,6,138.4,83.8,3,3,2.5,58.9,0
416.0,80.6,6,130.2,62.2,6,3,2.8,58.9,1
774.0,50.3,5,91.4,46.0,4,10,4.0,43.7,2
871.0,48.0,5,86.2,92.4,1,2,4.2,100.0,1
683.0,52.8,4,47.8,100.0,9,8,1.9,64.6,2
975.0,45.7,7,114.6,93.1,6,9,4.7,48.5,1
445.0,61.8,3,107.5,65.0,8,8,4.5,68.0,2
351.0,84.4,7,144.1,52.7,2,10,1.1,43.0,0
244.0,64.8,7,120.8,54.0,7,3,1.5,60.5,0
899.0,56.2,8,150.0,44.7,6,7,3.0,68.0,1
731.0,55.6,11,89.1,68.4,2,10,2.8,71.0,2
589.0,36.6,6,144.1,94.1,2,2,3.8,34.9,0
656.0,73.2,3,94.1,67.9,4,4,1.4,100.0,0
375.0,58.8,8,133.3,74.5,4,6,3.6,83.6,0
1089.0,57.3,3,66.2,90.6,3,5,3.5,100.0,1
626.0,107.9,10,117.1,63.9,8,9,1.9,54.9,2
622.0,64.5,6,50.5,100.0,7,10,3.2,64.9,2
745.0,48.7,7,102.0,99.9,2,4,1.9,60.7,0
696.0,53.6,3,123.2,68.0,3,5,1.6,49.1,2
645.0,77.2,4,94.4,61.3,10,4,3.3,75.2,2
442.0,61.7,6,78.5,80.5,9,8,4.9,42.3,2
694.0,38.4,6,135.4,64.8,5,8,1.9,74.0,2
976.0,73.8,6,106.9,52.7,2,3,2.4,50.0,0
869.0,50.0,6,95.3,89.2,3,1,2.0,68.0,1
919.0,88.1,7,111.3,88.2,8,6,2.1,89.2,2
498.0,76.2,7,189.1,72.3,4,2,2.6,57.3,0
402.0,53.3,3,144.6,51.1,2,2,3.8,75.6,0
575.0,79.2,3,144.9,51.6,2,3,1.2,49.8,0
611.0,61.0,3,123.1,71.6,6,8,4.8,36.4,2
819.0,72.8,7,115.0,62.5,8,3,1.2,93.2,1
262.0,67.3,6,40.0,64.9,7,7,4.5,75.0,2
906.0,47.3,4,89.6,85.3,4,10,4.6,57.3,1
568.0,50.3,6,95.6,81.0,2,10,3.1,73.9,1
515.0,75.4,9,53.8,90.7,9,9,1.5,39.7,1
398.0,55.0,5,75.3,55.1,4,8,3.3,68.8,2
269.0,53.9,3,50.6,64.9,9,1,3.5,64.3,1
765.0,45.7,11,108.9,81.4,5,7,4.4,73.0,2
615.0,66.4,6,134.6,76.7,7,7,3.2,92.8,2
342.0,90.9,6,143.2,93.0,5,8,2.6,89.0,2
341.0,44.0,8,122.4,76.3,2,10,4.4,32.2,2
533.0,60.4,3,81.1,97.7,6,5,4.9,20.1,2
934.0,81.2,7,52.0,78.1,7,10,3.6,64.9,2
548.0,58.8,6,57.3,85.9,6,9,4.5,63.4,2
299.0,66.8,5,71.9,65.1,3,9,3.4,37.3,1
551.0,44.1,5,83.3,70.2,10,8,3.8,40.8,2
545.0,66.4,8,105.2,83.7,8,6,3.8,44.6,1
100.0,57.2,7,79.6,94.2,3,6,3.8,86.7,1
589.0,74.8,8,120.2,80.9,5,1,2.3,50.6,0
554.0,77.8,3,103.0,68.8,9,6,3.3,29.9,2
739.0,98.8,7,110.3,90.7,5,4,3.4,58.7,2
970.0,68.7,8,144.2,37.1,7,4,2.3,59.9,2
825.0,64.9,4,74.6,48.7,7,2,2.4,39.4,1
546.0,62.9,4,122.6,80.2,5,4,4.0,71.8,0
379.0,54.7,8,109.6,70.2,2,5,3.3,82.7,1
1115.0,65.1,4,100.0,79.1,5,5,1.6,52.9,1
612.0,55.6,6,136.6,71.0,7,5,4.4,29.9,2
603.0,62.5,2,136.4,78.6,7,4,4.5,54.5,1
595.0,79.8,4,81.6,57.8,4,1,2.9,66.0,0
640.0,44.9,4,104.5,78.6,1,10,1.8,16.8,1
571.0,77.1,6,118.4,84.9,6,8,4.8,69.6,2
485.0,79.8,8,101.8,88.3,3,3,4.5,52.5,2
491.0,58.2,6,127.6,100.0,5,2,2.0,60.9,1
593.0,28.2,7,118.4,73.7,4,9,1.4,54.2,2
491.0,50.9,9,165.0,74.1,2,7,2.8,44.9,0
457.0,79.5,10,64.1,47.2,7,9,3.7,57.8,2
621.0,59.7,6,106.3,62.0,5,2,1.7,49.8,0
549.0,45.0,8,82.7,67.1,7,9,3.1,52.8,2
901.0,52.4,8,128.1,85.8,9,10,2.7,42.4,2
100.0,72.6,8,61.5,60.8,4,9,4.6,70.7,2
818.0,68.2,6,120.4,81.9,5,9,2.7,84.7,2
849.0,56.4,6,91.1,70.0,9,10,3.1,42.5,2
185.0,54.5,4,88.0,67.3,10,10,4.8,57.7,2
531.0,54.1,10,66.6,73.7,4,4,2.2,38.1,0
526.0,46.2,3,96.0,64.1,5,10,2.2,67.8,2
318.0,84.2,4,142.5,63.6,5,3,4.2,64.5,1
444.0,55.2,8,109.2,44.4,8,6,2.1,48.4,0
378.0,78.3,7,128.8,66.3,4,3,4.3,58.3,1
950.0,82.8,4,159.9,62.8,4,9,1.4,77.3,2
787.0,75.0,5,117.9,62.3,7,3,1.4,27.9,0
854.0,53.5,4,93.2,76.3,5,2,4.6,34.2,1
744.0,66.1,4,124.0,79.9,6,8,3.2,71.6,2
374.0,59.6,7,93.7,73.5,6,6,3.9,61.1,0
495.0,46.4,5,94.9,84.9,6,8,1.9,58.6,2
698.0,64.9,5,64.4,78.6,10,7,1.7,78.9,2
356.0,42.3,6,137.8,65.6,5,3,4.3,74.1,1
743.0,77.8,6,98.4,63.1,5,8,2.4,94.3,1
552.0,53.0,5,115.5,74.7,9,10,2.8,77.9,2
525.0,63.0,3,78.9,78.6,8,1,1.1,70.5,1
742.0,64.2,6,123.1,91.0,4,1,2.5,58.9,0
689.0,56.1,5,87.1,87.9,7,10,4.1,57.1,2
528.0,68.8,5,105.7,61.9,8,8,4.3,59.9,2
832.0,52.9,8,136.3,68.5,9,9,3.8,64.5,2
384.0,73.1,5,133.7,80.1,5,10,3.8,35.9,1
723.0,39.8,9,109.3,86.0,3,6,3.0,65.3,0
719.0,61.9,9,57.0,84.1,4,5,3.2,55.1,1
538.0,89.1,3,199.8,69.0,10,2,4.0,67.1,0
665.0,45.0,5,162.4,51.2,6,9,2.0,48.4,0
350.0,49.8,7,131.7,55.0,10,6,1.9,46.8,1
785.0,67.7,4,87.4,74.1,5,8,4.8,64.6,2
563.0,62.7,4,106.6,75.1,9,9,1.1,69.5,2
495.0,65.3,5,93.7,53.5,3,9,1.6,47.9,2
810.0,67.3,8,147.9,70.7,2,8,3.3,86.4,0
459.0,69.5,4,117.9,79.5,6,10,4.0,86.2,2
318.0,76.6,6,86.5,52.7,7,8,3.2,28.4,1
289.0,66.1,6,95.9,86.6,5,3,2.4,44.5,1
721.0,56.4,3,143.6,64.3,1,3,4.9,62.3,1
344.0,70.1,3,158.0,88.9,3,2,3.8,67.4,0
951.0,88.5,6,155.8,62.0,3,1,4.3,100.0,2
184.0,58.0,7,132.7,54.6,4,4,1.2,62.8,0
939.0,45.4,6,102.4,63.1,10,2,1.9,57.7,1
642.0,76.6,7,40.0,68.6,6,2,2.5,37.2,0
581.0,58.2,5,118.9,64.2,5,5,1.7,28.3,0
491.0,27.4,6,109.9,66.8,1,4,1.3,57.3,0
680.0,72.7,7,114.2,75.0,6,1,1.9,100.0,1
592.0,52.0,4,111.6,67.4,9,9,3.1,55.8,1
821.0,58.6,5,70.2,69.0,1,4,3.8,44.5,0
623.0,65.0,8,126.7,44.4,8,5,4.1,69.0,2
630.0,62.9,6,129.0,75.9,8,7,1.2,19.9,1
527.0,70.6,9,130.5,68.7,3,2,2.7,61.6,0
589.0,53.5,2,138.4,94.2,9,8,1.5,76.5,2
662.0,67.7,8,128.1,55.9,8,2,2.7,41.0,1
258.0,56.1,5,97.7,42.9,3,10,2.7,87.4,1
330.0,71.1,9,107.9,79.3,10,5,3.0,73.2,0
749.0,69.2,9,112.7,75.2,5,2,4.6,87.6,1
634.0,46.0,4,113.2,54.9,3,2,4.2,32.5,1
563.0,76.3,2,139.9,47.1,5,4,3.5,56.4,1
604.0,52.0,6,129.3,93.1,9,4,4.5,78.4,2
670.0,72.1,6,172.3,91.2,4,8,3.7,30.0,0
492.0,65.5,7,176.2,32.7,6,6,4.3,78.9,0
444.0,87.6,8,112.4,63.1,3,10,3.3,56.4,1
639.0,56.6,5,40.0,95.0,3,8,3.1,78.8,1
404.0,54.8,8,147.1,62.9,5,7,3.9,64.3,1
682.0,59.7,10,93.8,62.6,8,10,1.1,88.2,1
259.0,55.5,5,86.0,65.8,8,4,3.8,34.2,2
806.0,72.0,3,98.0,53.2,3,2,4.7,66.6,1
695.0,35.8,5,96.6,44.4,8,9,3.9,29.8,2
651.0,44.2,3,128.4,85.8,8,2,1.1,68.4,1
797.0,44.0,8,63.2,42.4,3,1,2.5,66.6,0
933.0,74.3,9,77.7,73.7,10,8,4.2,54.3,2
803.0,85.7,7,120.3,83.3,10,10,4.8,44.3,2
232.0,58.4,7,128.7,48.2,2,9,2.5,53.5,0
344.0,57.5,6,129.2,56.1,10,1,4.4,62.0,2
475.0,61.1,9,86.4,88.2,2,7,4.5,65.7,1
605.0,77.4,5,80.7,78.0,9,2,1.5,98.6,1
704.0,46.1,5,94.8,60.7,7,6,4.4,77.5,2
455.0,63.6,5,117.2,88.0,6,5,2.3,48.3,2
637.0,74.6,6,154.6,88.1,7,1,3.4,71.6,1
449.0,67.5,2,48.6,74.0,8,2,3.2,77.6,2
478.0,62.8,6,103.4,56.5,1,2,3.7,46.9,0
319.0,75.0,6,70.0,63.8,8,10,4.0,74.0,2
415.0,20.0,5,60.4,74.3,3,10,2.8,30.3,1
330.0,70.2,7,139.0,67.2,3,6,4.6,46.2,1
405.0,50.2,6,126.3,84.1,6,1,4.2,31.5,1
811.0,32.5,5,123.5,47.1,4,4,4.1,55.8,1
410.0,67.7,3,137.6,47.6,4,10,2.8,50.5,0
1126.0,80.6,5,95.6,72.7,4,5,1.2,52.1,2
699.0,57.9,5,97.0,62.6,10,2,3.0,76.3,2
637.0,74.3,5,175.6,60.6,9,2,4.6,61.8,1
428.0,84.2,4,102.6,43.5,8,7,1.8,76.0,1
740.0,79.7,4,132.1,70.3,3,7,4.9,92.5,1
485.0,84.6,4,110.2,69.2,1,6,4.2,100.0,1
624.0,71.1,3,54.6,79.8,1,1,3.8,57.2,1
1112.0,61.1,9,48.7,71.0,1,3,3.7,70.7,2
581.0,36.0,6,92.6,68.0,4,9,3.3,56.9,1
830.0,56.3,6,141.7,87.7,6,10,3.9,80.3,2
459.0,47.4,8,133.6,50.3,4,1,2.7,76.4,0
593.0,92.6,1,137.4,78.0,3,2,4.4,46.8,2
954.0,57.4,7,80.4,44.9,8,8,3.8,49.7,1
475.0,61.8,2,158.5,57.4,8,7,4.1,87.7,2
962.0,68.3,1,81.1,51.8,6,9,4.2,49.0,2
742.0,60.7,6,116.4,81.7,9,10,1.4,57.8,2
488.0,85.4,7,109.7,69.0,10,4,1.2,73.5,2
726.0,50.7,2,104.8,69.8,1,4,4.2,56.7,0
795.0,62.9,6,150.2,53.4,8,7,2.0,90.7,2
724.0,48.9,6,88.8,65.5,6,1,3.3,80.7,0
286.0,40.2,7,69.5,58.5,1,10,2.8,42.3,0
455.0,50.8,5,110.6,75.8,4,9,1.1,48.3,0
550.0,59.4,5,98.0,55.1,5,2,1.2,71.8,0
585.0,53.6,3,211.3,89.9,7,1,4.3,59.0,0
724.0,49.6,6,130.3,44.9,8,7,3.4,21.2,1
636.0,38.9,9,97.7,57.9,9,6,3.1,40.6,1
333.0,58.8,7,78.3,95.2,6,3,4.8,64.7,0
676.0,37.4,7,53.6,63.5,10,1,1.7,77.8,0
722.0,71.4,6,79.2,50.3,9,5,2.0,78.1,1
712.0,61.2,3,113.4,73.3,4,10,4.0,99.3,2
816.0,38.1,3,152.8,62.9,8,4,4.1,46.2,2
767.0,55.4,5,143.7,57.5,3,5,2.6,47.1,1
692.0,48.7,8,116.9,53.6,4,1,4.8,59.5,0
586.0,64.8,9,100.3,100.0,10,1,4.8,26.5,0
268.0,80.1,4,118.1,66.2,4,5,1.0,59.9,0
686.0,31.9,5,94.4,41.1,6,6,1.7,56.1,1
642.0,61.7,6,161.6,92.4,9,5,4.3,75.8,2
654.0,57.6,10,104.3,79.2,6,2,2.3,79.2,1
345.0,70.1,8,107.4,58.5,1,9,1.4,67.1,0
384.0,63.2,5,43.5,56.0,5,5,4.1,60.1,1
811.0,48.7,6,104.1,80.1,9,5,2.8,67.3,2
592.0,55.2,4,135.1,66.3,5,10,3.0,44.1,1
736.0,48.1,5,78.0,41.1,6,9,1.7,58.3,2
606.0,76.1,7,87.5,96.8,3,3,3.6,60.3,1
606.0,60.3,3,133.8,63.5,8,5,3.2,58.5,2
788.0,88.5,9,65.7,92.4,10,5,1.8,56.6,1
497.0,59.1,6,141.7,89.2,4,2,2.4,47.6,1
619.0,49.4,5,94.0,55.0,4,4,3.4,39.5,1
508.0,37.3,8,98.3,85.5,5,2,4.7,55.9,0
513.0,33.0,7,76.3,60.2,10,5,4.7,71.9,2
538.0,36.2,8,121.3,42.0,9,10,2.2,25.3,1
644.0,64.0,5,183.8,63.6,8,2,3.9,50.1,0
504.0,67.6,4,133.4,76.0,7,10,4.1,100.0,2
851.0,36.3,9,84.1,63.1,5,9,4.2,56.1,2
421.0,73.4,7,144.1,65.4,9,10,3.3,63.0,2
563.0,52.8,4,100.5,87.2,9,6,1.0,96.8,2
512.0,62.2,6,151.2,71.6,10,8,4.0,66.4,2
889.0,84.2,7,134.2,57.4,10,9,1.4,66.8,2
639.0,73.5,4,40.0,80.5,2,8,1.5,41.8,1
806.0,56.0,7,79.9,73.0,4,5,3.4,66.3,1
303.0,46.6,3,138.3,32.2,8,5,4.9,59.7,0
653.0,27.7,4,114.5,76.4,1,6,2.0,78.5,1
778.0,49.2,7,79.3,75.9,5,1,3.6,85.5,0
616.0,56.8,5,91.0,70.3,8,8,2.2,60.6,2
813.0,45.2,6,52.8,83.4,2,2,4.6,67.6,0
497.0,58.0,3,107.3,59.9,2,6,3.4,22.2,1
882.0,61.2,4,176.3,75.0,8,9,1.8,15.3,2
1060.0,56.6,6,134.1,46.5,10,3,2.0,81.9,2
527.0,50.2,6,175.7,76.1,9,2,2.7,10.1,0
511.0,62.5,5,136.5,99.3,7,10,1.5,66.5,2
891.0,66.6,6,140.8,55.1,8,5,1.3,56.5,0
916.0,43.6,9,169.2,58.6,5,9,3.7,84.6,2
495.0,81.2,7,121.3,59.3,1,6,2.6,59.3,1
516.0,58.5,4,104.4,71.9,4,8,3.9,96.0,2
544.0,60.3,6,141.0,54.1,2,8,1.4,55.9,0
331.0,70.6,6,153.6,76.3,3,7,3.4,82.9,1
416.0,63.5,7,95.6,82.7,3,5,2.8,30.0,0
399.0,74.3,4,88.4,78.0,9,2,1.2,14.0,0
446.0,64.3,5,114.2,43.5,10,10,3.2,59.4,2
593.0,50.8,5,134.9,84.9,4,10,1.3,32.0,2
647.0,65.4,5,133.9,84.1,2,5,4.3,58.8,1
910.0,42.8,3,67.3,82.5,3,7,3.5,51.7,2
400.0,61.6,7,167.3,75.6,3,7,3.2,72.1,1
797.0,59.5,5,90.8,73.3,7,2,1.5,38.7,0
557.0,56.9,12,102.0,85.5,8,7,2.1,68.5,2
590.0,58.1,5,82.9,98.9,6,6,3.0,77.3,1
735.0,31.8,6,190.9,55.7,4,7,3.5,55.9,1
375.0,51.8,3,117.3,86.2,6,8,1.7,69.6,2
676.0,61.4,4,84.5,68.7,1,4,1.0,40.4,0
633.0,62.4,6,135.9,68.1,10,1,2.4,52.3,1
698.0,44.6,6,133.1,47.0,8,8,2.9,33.2,2
658.0,79.0,7,104.4,65.7,1,8,1.7,100.0,1
1091.0,47.0,5,135.2,55.0,5,3,3.0,84.6,0
472.0,74.5,13,85.2,63.0,2,3,2.4,93.2,0
494.0,66.4,1,95.2,53.5,6,5,2.8,84.3,2
475.0,50.3,6,49.7,63.3,9,3,2.4,46.7,2
489.0,86.6,4,70.3,63.9,5,5,3.5,29.3,1
473.0,42.1,3,164.2,71.5,4,8,1.2,51.5,0
838.0,73.8,4,159.2,45.8,2,1,1.7,69.5,0
884.0,75.0,3,112.0,48.3,3,2,2.7,54.2,1
486.0,49.9,4,159.9,75.4,6,2,2.4,15.3,0
434.0,80.9,6,105.2,58.0,8,4,2.6,74.9,1
694.0,56.2,6,102.7,86.1,8,9,4.2,28.0,2
490.0,64.3,10,111.7,73.4,5,2,4.5,51.6,1
727.0,63.9,6,106.3,79.1,5,9,2.0,94.9,2
641.0,58.0,6,103.5,91.2,10,7,4.3,61.0,1
297.0,72.2,3,144.3,65.4,3,10,2.8,81.5,2
910.0,71.9,7,114.5,61.4,7,8,2.1,66.9,2
959.0,33.8,5,131.4,83.1,6,1,4.9,39.8,2
477.0,79.6,7,140.9,77.6,1,5,4.3,74.6,2
522.0,35.1,3,121.6,67.2,4,9,5.0,58.7,2
657.0,75.5,8,80.9,90.9,6,4,1.7,30.3,0
667.0,76.9,8,69.4,66.8,6,2,1.6,26.9,0
732.0,43.6,6,114.5,70.5,3,6,3.0,67.7,2
1002.0,53.8,8,104.9,70.3,6,2,3.6,100.0,0
565.0,43.4,8,112.6,56.0,10,3,1.7,38.5,0
440.0,56.8,6,109.5,71.2,6,8,4.4,40.9,0
324.0,55.4,12,187.5,91.0,9,3,3.1,68.0,0
454.0,71.7,5,70.1,76.7,9,2,2.6,33.7,2
593.0,79.7,4,50.3,70.5,2,6,3.4,100.0,2
959.0,80.9,10,120.0,67.6,4,3,3.5,42.7,0
496.0,51.6,10,98.7,75.0,9,1,1.2,50.0,0
645.0,56.9,7,119.5,81.2,4,3,5.0,43.9,1
597.0,34.7,6,127.5,79.1,8,6,2.5,78.7,2
838.0,47.9,1,148.5,65.0,10,3,1.2,100.0,1
1105.0,74.5,4,64.8,74.9,3,9,4.4,45.9,2
494.0,84.2,7,93.3,77.2,3,7,5.0,77.3,2
502.0,41.5,9,122.9,54.9,9,5,4.3,33.9,2
809.0,51.1,5,133.1,72.5,10,2,4.4,79.2,2
736.0,59.6,4,175.8,37.6,8,9,3.5,95.2,2
969.0,64.2,6,138.7,77.2,1,5,4.7,89.0,1
717.0,47.9,4,108.3,79.9,10,7,1.1,62.7,1
528.0,66.4,6,83.3,81.2,2,9,4.1,39.3,1
718.0,52.9,3,93.1,64.1,3,4,3.7,60.0,1
822.0,59.8,3,92.2,74.6,2,9,1.2,53.8,1
764.0,68.2,6,129.7,91.4,3,1,3.2,51.1,0
701.0,60.1,5,117.7,91.2,8,6,3.1,64.1,2
813.0,53.5,10,70.3,69.6,6,2,3.8,58.7,0
834.0,58.4,6,96.9,72.1,7,8,1.3,74.2,1
876.0,58.7,10,136.3,86.7,10,5,4.2,74.3,2
730.0,54.4,6,120.5,47.5,10,3,1.6,58.7,0
567.0,56.1,6,127.1,65.2,6,2,2.7,68.6,0
629.0,84.0,4,121.5,90.0,1,8,4.5,86.4,2
841.0,68.4,4,158.8,84.6,3,7,3.2,49.4,1
437.0,55.6,2,117.1,75.5,1,9,2.5,60.3,1
674.0,70.5,6,98.4,47.4,10,8,1.2,39.4,2
521.0,55.0,3,82.5,69.3,9,4,3.7,69.6,2
606.0,77.6,7,117.5,61.2,9,2,4.9,64.0,2
856.0,65.5,5,40.0,75.0,5,2,4.6,69.2,2
638.0,58.4,5,104.5,57.9,4,2,3.9,40.2,0
609.0,66.7,7,103.8,54.6,9,6,1.4,75.3,1
328.0,36.4,5,69.1,39.0,9,7,2.0,62.0,1
749.0,43.1,4,82.2,88.3,3,6,1.7,80.6,1
729.0,42.1,8,134.3,64.0,5,2,2.4,51.2,0
1033.0,62.1,5,116.9,72.4,3,4,1.9,73.6,2
538.0,86.0,5,113.1,70.0,10,3,2.0,68.9,2
644.0,93.5,4,119.2,54.0,2,4,3.5,90.5,1
650.0,69.6,6,112.8,51.1,1,5,2.3,57.7,2
915.0,67.5,6,147.3,54.9,10,7,3.7,48.9,2
581.0,33.0,4,113.7,59.2,2,9,4.8,50.1,1
656.0,51.9,7,66.3,75.5,8,2,3.6,37.8,0
722.0,48.2,4,158.9,58.1,8,8,4.0,49.9,2
637.0,50.7,6,121.1,96.2,3,3,4.0,13.2,2
511.0,57.5,8,92.3,85.4,7,9,2.3,87.4,1
639.0,52.9,4,72.4,82.1,7,10,1.1,98.7,2
815.0,30.3,3,121.9,68.2,2,4,1.2,57.0,1
395.0,71.2,7,106.5,92.7,9,3,2.1,68.8,0
627.0,43.9,4,157.2,66.7,3,10,3.8,63.3,2
460.0,63.6,8,99.6,69.5,2,6,4.6,33.7,0
839.0,91.1,9,84.9,72.5,3,10,4.8,80.5,2
295.0,46.2,6,136.9,80.5,2,9,1.1,83.5,0
488.0,22.0,6,137.8,79.6,8,7,5.0,39.2,2
675.0,55.7,7,115.1,62.9,5,4,2.3,66.6,1
913.0,76.5,11,130.3,62.0,3,3,4.4,54.7,0
587.0,89.4,3,108.9,79.6,5,10,1.7,83.8,2
489.0,41.6,8,117.0,80.7,8,4,1.3,58.3,1
976.0,67.5,3,144.9,64.1,7,3,2.5,58.9,1
310.0,53.0,4,128.8,46.2,6,3,4.4,96.4,0
160.0,58.4,5,104.9,66.9,1,9,1.9,34.3,0
688.0,99.7,7,150.6,79.4,10,4,1.6,65.0,2
500.0,37.5,7,40.0,97.1,1,9,4.6,61.8,1
396.0,63.8,5,171.6,52.0,1,10,4.8,47.9,1
742.0,67.0,10,58.8,63.6,10,5,1.1,100.0,2
649.0,76.3,3,91.2,64.2,8,7,3.9,66.7,2
487.0,61.5,2,108.8,90.3,8,5,2.2,73.4,1
344.0,64.6,5,105.6,69.5,7,1,2.5,76.3,0
774.0,54.1,6,140.2,56.4,6,2,2.9,53.6,1
730.0,64.0,7,78.3,78.4,4,5,2.7,84.8,1
580.0,54.9,5,117.8,63.9,1,6,3.1,80.8,1
969.0,69.3,5,92.7,51.6,9,7,3.3,57.6,2
386.0,54.5,7,118.9,56.6,1,2,2.9,78.8,0
295.0,65.7,8,108.1,96.0,4,10,3.8,84.8,2
462.0,59.6,2,112.8,75.8,3,9,3.9,75.9,1
591.0,76.9,10,93.5,71.6,7,6,2.8,43.3,2
649.0,59.2,5,94.7,66.3,5,2,1.6,58.2,1
552.0,33.4,5,118.6,74.4,5,2,3.6,69.5,0
670.0,78.9,7,138.3,74.2,4,3,4.1,65.0,1
350.0,46.4,5,92.1,74.4,1,1,3.6,45.1,0
889.0,50.2,9,83.9,71.7,5,9,3.4,54.3,2
584.0,51.1,14,128.4,83.0,4,10,1.9,67.0,1
823.0,80.6,8,109.0,70.3,10,4,3.6,29.8,1
669.0,28.0,7,134.9,55.3,8,5,2.3,60.4,0
691.0,107.1,5,82.8,60.8,2,7,4.7,73.9,2
714.0,75.8,10,56.6,40.3,8,1,3.6,65.7,0
690.0,63.3,6,94.0,100.0,1,3,2.1,42.9,0
729.0,59.2,3,87.0,82.9,4,3,2.9,46.4,2
866.0,64.3,3,107.6,57.5,3,2,4.4,89.7,2
639.0,67.8,6,90.9,65.8,5,8,2.3,41.2,2
742.0,69.7,7,132.2,60.4,5,5,3.1,83.7,0
582.0,68.3,9,101.4,93.1,5,1,3.7,47.6,0
888.0,61.3,8,114.5,48.7,4,2,4.0,82.6,1
465.0,57.0,5,114.7,71.7,8,1,1.7,70.8,1
960.0,57.7,10,115.8,68.4,3,6,3.3,53.0,1
592.0,57.1,4,109.3,82.4,4,9,4.6,24.7,2
314.0,77.0,7,125.3,68.4,1,7,4.9,68.0,0
626.0,68.9,5,86.1,43.6,7,5,3.6,63.6,2
464.0,20.0,6,152.0,66.2,1,3,4.9,68.3,0
768.0,69.8,7,102.9,55.4,2,8,3.3,70.8,1
469.0,62.9,4,70.7,71.2,7,10,2.8,33.7,2
511.0,59.7,7,115.6,91.5,1,4,3.2,67.9,0
222.0,54.2,4,84.5,43.9,3,9,1.5,74.9,0
510.0,76.9,9,130.0,58.0,6,5,2.6,74.6,0
115.0,74.2,10,176.3,61.7,6,6,2.8,34.9,0
283.0,48.4,4,86.4,64.3,6,5,4.4,83.1,2
752.0,66.1,5,120.0,81.1,2,10,4.0,68.6,2
757.0,45.4,8,57.3,67.4,2,7,3.4,71.1,2
685.0,39.3,10,123.6,76.2,6,7,2.4,42.1,1
407.0,50.6,8,83.4,60.6,10,1,1.7,75.1,0
590.0,72.9,9,91.3,73.4,5,2,2.4,25.5,0
599.0,74.3,8,77.0,81.7,7,7,3.7,43.0,1
368.0,67.7,8,132.0,59.0,7,8,2.1,85.3,1
901.0,70.9,6,140.2,81.7,5,4,2.7,74.2,0
775.0,67.7,2,110.7,70.8,8,6,2.5,65.8,2
556.0,50.4,9,84.1,85.7,10,10,4.1,78.9,2
605.0,66.5,2,157.7,67.0,6,3,4.5,80.3,2
642.0,72.0,2,87.5,75.7,5,7,3.8,75.2,2
192.0,71.3,4,45.1,69.4,4,3,2.4,55.7,0
551.0,77.8,4,123.8,68.6,7,7,2.7,42.4,2
464.0,70.6,5,76.9,73.9,4,8,1.6,46.7,0
400.0,65.3,6,139.7,78.1,5,3,1.7,88.2,0
544.0,76.1,9,98.6,51.3,5,2,1.7,34.5,1
960.0,59.6,6,128.1,91.5,1,6,1.5,69.8,2
728.0,46.8,4,152.0,42.1,1,4,1.7,69.8,0
486.0,57.6,5,73.7,59.7,3,8,1.8,89.4,1
715.0,48.8,5,93.0,68.6,3,2,1.4,69.8,0
